<?xml version="1.0" ?>
<title_author>
	<title>
	OCR++: A Robust Framework For Information Extraction from Scholarly Articles 
	</title>	<name>
		<first_name>
			Mayank
		</first_name>
		<last_name>
			Singh
		</last_name>
	</name>

	<name>
		<first_name>
			Barnopriyo
		</first_name>
		<last_name>
			Barua
		</last_name>
	</name>

	<name>
		<first_name>
			Priyank
		</first_name>
		<last_name>
			Palod
		</last_name>
	</name>

	<name>
		<first_name>
			Manvi
		</first_name>
		<last_name>
			Garg
		</last_name>
	</name>

	<name>
		<first_name>
			Sidhartha
		</first_name>
		<last_name>
			Satapathy
		</last_name>
	</name>

	<name>
		<first_name>
			Samuel
		</first_name>
		<last_name>
			Bushi
		</last_name>
	</name>

	<name>
		<first_name>
			Kumar
		</first_name>
		<last_name>
			Ayush
		</last_name>
	</name>

	<name>
		<first_name>
			Tulasi
		</first_name>
		<last_name>
			Gamidi
		</last_name>
	</name>

	<name>
		<first_name>
			Pawan
		</first_name>
		<last_name>
			Goyal
		</last_name>
	</name>

	<name>
		<first_name>
			Animesh
		</first_name>
		<last_name>
			Mukherjee
		</last_name>
	</name>

</title_author>