<Document><References><Reference id="1">Joeran Beel, Bela Gipp, Stefan Langer, Marcel Genzmehr, Erik Wilde, Andreas N  urnberger, and Jim Pitman. 2011. Introducing mr. dlib, a machine-readable digital library. In Proceedings of the 11th annual international ACM/IEEE joint conference on Digital libraries, pages 463464. ACM. </Reference><Reference id="2">Tanmoy Chakraborty, Amrith Krishna, Mayank Singh, Niloy Ganguly, Pawan Goyal, and Animesh Mukherjee. 2016. Ferosa: A faceted recommendation system for scientific articles. In Pacific-Asia Conference on Knowl- edge Discovery and Data Mining, pages 528541. Springer. </Reference><Reference id="3">Isaac G Councill, C Lee Giles, and Min-Yen Kan. 2008. Parscit: an open-source crf reference string parsing package. In LREC. </Reference><Reference id="4">Andreas Dengel and Frank Dubiel. 1995. Clustering and classification of document structure-a machine learning approach. In Document Analysis and Recognition, 1995., Proceedings of the Third International Conference on, volume 2, pages 587591. IEEE. </Reference><Reference id="5">Floriana Esposito, Donato Malerba, and Giovanni Semeraro. 1995. A knowledge-based approach to the layout analysis. In Document Analysis and Recognition, 1995., Proceedings of the Third International Conference on, volume 1, pages 466471. IEEE. </Reference><Reference id="6">Michael Granitzer, Maya Hristakeva, Kris Jack, and Robert Knight. 2012. A comparison of metadata extraction techniques for crowdsourced bibliographic metadata management. In Proceedings of the 27th Annual ACM Symposium on Applied Computing, pages 962964. ACM. </Reference><Reference id="7">Hui Han, C Lee Giles, Eren Manavoglu, Hongyuan Zha, Zhenyue Zhang, Edward Fox, et al. 2003. Automatic document metadata extraction using support vector machines. In Digital Libraries, 2003. Proceedings. 2003 Joint Conference on, pages 3748. IEEE. </Reference><Reference id="8">John D. Lafferty, Andrew McCallum, and Fernando C. N. Pereira. 2001. Conditional random fields: Probabilistic models for segmenting and labeling sequence data. In Proceedings of the Eighteenth International Conference on Machine Learning, ICML 01, pages 282289, San Francisco, CA, USA. Morgan Kaufmann Publishers Inc. </Reference><Reference id="9">Mario Lipinski, Kevin Yao, Corinna Breitinger, Joeran Beel, and Bela Gipp. 2013. Evaluation of header metadata extraction approaches and tools for scientific pdf documents. In Proceedings of the 13th ACM/IEEE-CS joint conference on Digital libraries, pages 385386. ACM. </Reference><Reference id="10">Patrice Lopez. 2009. Grobid: Combining automatic bibliographic data recognition and term extraction for schol- arship publications. In Research and Advanced Technology for Digital Libraries, pages 473474. Springer. </Reference><Reference id="11">Minh-Thang Luong, Thuy Dung Nguyen, and Min-Yen Kan. 2012. Logical structure recovery in scholarly articles with rich document features. Multimedia Storage and Retrieval Innovations for Digital Library Systems, page 270. </Reference><Reference id="12">George Nagy, Sharad Seth, and Mahesh Viswanathan. 1992. A prototype document image analysis system for technical journals. Computer, 25(7):1022, July. </Reference></References><Cit2ref><cit2ref ref_id="1" reference="Joeran Beel, Bela Gipp, Stefan Langer, Marcel Genzmehr, Erik Wilde, Andreas N  urnberger, and Jim Pitman. 2011. Introducing mr. dlib, a machine-readable digital library. In Proceedings of the 11th annual international ACM/IEEE joint conference on Digital libraries, pages 463464. ACM. ">Beel et al., 2011</cit2ref><cit2ref ref_id="10" reference="Patrice Lopez. 2009. Grobid: Combining automatic bibliographic data recognition and term extraction for schol- arship publications. In Research and Advanced Technology for Digital Libraries, pages 473474. Springer. ">Lopez, 2009</cit2ref><cit2ref ref_id="9" reference="Mario Lipinski, Kevin Yao, Corinna Breitinger, Joeran Beel, and Bela Gipp. 2013. Evaluation of header metadata extraction approaches and tools for scientific pdf documents. In Proceedings of the 13th ACM/IEEE-CS joint conference on Digital libraries, pages 385386. ACM. ">Lipinski et al. (2013)</cit2ref><cit2ref ref_id="2" reference="Tanmoy Chakraborty, Amrith Krishna, Mayank Singh, Niloy Ganguly, Pawan Goyal, and Animesh Mukherjee. 2016. Ferosa: A faceted recommendation system for scientific articles. In Pacific-Asia Conference on Knowl- edge Discovery and Data Mining, pages 528541. Springer. ">Chakraborty et al., 2016</cit2ref><cit2ref ref_id="12" reference="George Nagy, Sharad Seth, and Mahesh Viswanathan. 1992. A prototype document image analysis system for technical journals. Computer, 25(7):1022, July. ">Nagy et al., 1992</cit2ref><cit2ref ref_id="4" reference="Andreas Dengel and Frank Dubiel. 1995. Clustering and classification of document structure-a machine learning approach. In Document Analysis and Recognition, 1995., Proceedings of the Third International Conference on, volume 2, pages 587591. IEEE. ">Dengel and Dubiel (1995)</cit2ref><cit2ref ref_id="5" reference="Floriana Esposito, Donato Malerba, and Giovanni Semeraro. 1995. A knowledge-based approach to the layout analysis. In Document Analysis and Recognition, 1995., Proceedings of the Third International Conference on, volume 1, pages 466471. IEEE. ">Esposito et al. (1995)</cit2ref><cit2ref ref_id="7" reference="Hui Han, C Lee Giles, Eren Manavoglu, Hongyuan Zha, Zhenyue Zhang, Edward Fox, et al. 2003. Automatic document metadata extraction using support vector machines. In Digital Libraries, 2003. Proceedings. 2003 Joint Conference on, pages 3748. IEEE. ">Han et al., 2003</cit2ref><cit2ref ref_id="3" reference="Isaac G Councill, C Lee Giles, and Min-Yen Kan. 2008. Parscit: an open-source crf reference string parsing package. In LREC. ">Councill et al., 2008</cit2ref><cit2ref ref_id="11" reference="Minh-Thang Luong, Thuy Dung Nguyen, and Min-Yen Kan. 2012. Logical structure recovery in scholarly articles with rich document features. Multimedia Storage and Retrieval Innovations for Digital Library Systems, page 270. ">Luong et al., 2012</cit2ref><cit2ref ref_id="8" reference="John D. Lafferty, Andrew McCallum, and Fernando C. N. Pereira. 2001. Conditional random fields: Probabilistic models for segmenting and labeling sequence data. In Proceedings of the Eighteenth International Conference on Machine Learning, ICML 01, pages 282289, San Francisco, CA, USA. Morgan Kaufmann Publishers Inc. ">Lafferty et al., 2001</cit2ref><cit2ref ref_id="6" reference="Michael Granitzer, Maya Hristakeva, Kris Jack, and Robert Knight. 2012. A comparison of metadata extraction techniques for crowdsourced bibliographic metadata management. In Proceedings of the 27th Annual ACM Symposium on Applied Computing, pages 962964. ACM. ">Granitzer et al. (2012)</cit2ref><cit2ref ref_id="9" reference="Mario Lipinski, Kevin Yao, Corinna Breitinger, Joeran Beel, and Bela Gipp. 2013. Evaluation of header metadata extraction approaches and tools for scientific pdf documents. In Proceedings of the 13th ACM/IEEE-CS joint conference on Digital libraries, pages 385386. ACM. ">Lipinski et al. (2013)</cit2ref></Cit2ref></Document>